{
  "IsEncrypted": false,
  "Values": {
    "APPLICATIONINSIGHTS_CONNECTION_STRING": "InstrumentationKey=c517e57e-b854-4fc5-a049-e9644e14bc77;IngestionEndpoint=https://francecentral-1.in.applicationinsights.azure.com/;LiveEndpoint=https://francecentral.livediagnostics.monitor.azure.com/;ApplicationId=bad349a4-18cc-45a7-a79d-dabc6d247d3c",
    "AzureWebJobsStorage": "DefaultEndpointsProtocol=https;AccountName=clarinscodedisplay9a85;AccountKey=gUeqN8UrLU91A8nJtfi0qvzjnEJkcI36ZL51mlf+LTSWj8i+AzENYN847dwjbPGhbUVpStiglZs2+AStsGyU8Q==;EndpointSuffix=core.windows.net",
    "CLOUDIFI_EVENTS_ENDPOINT": "https://manage-api-v1-uat.cloudi-fi.net/events",
    "CLOUDIFI_REFRESH_ENDPOINT": "https://manage-api-v1-uat.cloudi-fi.net/auth/refresh",
    "CLOUDIFI_REFRESH_TOKEN": "02f612203fe030cdbe434c068cda9be4aa8542f928372dccda4abd8a2f600cdac1be19ff68b323fcc603d464a22a9b68dc6561c09954c6e04c917d513c753e40",
    "FUNCTIONS_EXTENSION_VERSION": "~4",
    "FUNCTIONS_WORKER_RUNTIME": "node",
    "WEBSITE_CONTENTAZUREFILECONNECTIONSTRING": "DefaultEndpointsProtocol=https;AccountName=clarinscodedisplay9a85;AccountKey=gUeqN8UrLU91A8nJtfi0qvzjnEJkcI36ZL51mlf+LTSWj8i+AzENYN847dwjbPGhbUVpStiglZs2+AStsGyU8Q==;EndpointSuffix=core.windows.net",
    "WEBSITE_CONTENTSHARE": "clarins-code-displayadac",
    "WEBSITE_NODE_DEFAULT_VERSION": "~20",
    "CLOUDIFI_EVENT_ID": "1725"
  }
}